"ASV_ID","Kingdom","Phylum","Class","Order","Family","Genus","Species","Corrected_Species","Unique_Tax"
"ASV1","Bacteria","Verrucomicrobiota","Verrucomicrobiae","Verrucomicrobiales","Akkermansiaceae","Akkermansia",NA,"Akkermansia sp.","Akkermansia sp."
"ASV2","Bacteria","Bacillota_C","Negativicutes","Acidaminococcales","Acidaminococcaceae","Acidaminococcus","intestini","Acidaminococcus intestini","Acidaminococcus intestini"
"ASV3","Bacteria","Pseudomonadota","Gammaproteobacteria","Enterobacterales","Enterobacteriaceae","Escherichia",NA,"Escherichia sp.","Escherichia sp. ASV3"
"ASV4","Bacteria","Pseudomonadota","Gammaproteobacteria","Burkholderiales","Burkholderiaceae","Sutterella",NA,"Sutterella sp.","Sutterella sp. ASV4"
"ASV5","Bacteria","Bacillota_A","Clostridia","Lachnospirales","Lachnospiraceae",NA,NA,"unclassified Lachnospiraceae","unclassified Lachnospiraceae ASV5"
"ASV6","Bacteria","Bacillota_C","Negativicutes","Veillonellales","Megasphaeraceae","Megasphaera",NA,"Megasphaera sp.","Megasphaera sp. ASV6"
"ASV7","Bacteria","Pseudomonadota","Gammaproteobacteria","Enterobacterales","Enterobacteriaceae","Escherichia",NA,"Escherichia sp.","Escherichia sp. ASV7"
"ASV8","Bacteria","Pseudomonadota","Gammaproteobacteria","Enterobacterales","Enterobacteriaceae","Escherichia",NA,"Escherichia sp.","Escherichia sp. ASV8"
"ASV9","Bacteria","Pseudomonadota","Gammaproteobacteria","Enterobacterales","Enterobacteriaceae","Escherichia",NA,"Escherichia sp.","Escherichia sp. ASV9"
"ASV10","Bacteria","Pseudomonadota","Gammaproteobacteria","Enterobacterales","Enterobacteriaceae","Escherichia",NA,"Escherichia sp.","Escherichia sp. ASV10"
"ASV11","Bacteria","Bacillota_A","Clostridia","Lachnospirales","Lachnospiraceae",NA,NA,"unclassified Lachnospiraceae","unclassified Lachnospiraceae ASV11"
"ASV12","Bacteria","Bacillota_C","Negativicutes","Veillonellales","Megasphaeraceae","Megasphaera",NA,"Megasphaera sp.","Megasphaera sp. ASV12"
"ASV13","Bacteria","Bacillota_C","Negativicutes","Acidaminococcales","Acidaminococcaceae","Phascolarctobacterium",NA,"Phascolarctobacterium sp.","Phascolarctobacterium sp. ASV13"
"ASV14","Bacteria","Pseudomonadota","Gammaproteobacteria","Burkholderiales","Burkholderiaceae","Sutterella",NA,"Sutterella sp.","Sutterella sp. ASV14"
"ASV15","Bacteria","Bacillota_C","Negativicutes","Veillonellales","Megasphaeraceae","Megasphaera",NA,"Megasphaera sp.","Megasphaera sp. ASV15"
"ASV16","Bacteria","Bacteroidota","Bacteroidia","Bacteroidales","Bacteroidaceae","Prevotella",NA,"Prevotella sp.","Prevotella sp. ASV16"
"ASV17","Bacteria","Bacillota_C","Negativicutes","Veillonellales","Megasphaeraceae","Megasphaera",NA,"Megasphaera sp.","Megasphaera sp. ASV17"
"ASV18","Bacteria","Bacillota_C","Negativicutes","Veillonellales","Megasphaeraceae","Megasphaera",NA,"Megasphaera sp.","Megasphaera sp. ASV18"
"ASV19","Bacteria","Bacillota_C","Negativicutes","Veillonellales","Megasphaeraceae","Megasphaera",NA,"Megasphaera sp.","Megasphaera sp. ASV19"
"ASV20","Bacteria","Pseudomonadota","Gammaproteobacteria","Burkholderiales","Burkholderiaceae","Sutterella",NA,"Sutterella sp.","Sutterella sp. ASV20"
"ASV21","Bacteria","Pseudomonadota","Gammaproteobacteria","Burkholderiales","Burkholderiaceae","Sutterella",NA,"Sutterella sp.","Sutterella sp. ASV21"
"ASV22","Bacteria","Bacteroidota","Bacteroidia","Bacteroidales","Bacteroidaceae","Prevotella",NA,"Prevotella sp.","Prevotella sp. ASV22"
"ASV23","Bacteria","Bacteroidota","Bacteroidia","Bacteroidales","Bacteroidaceae","Prevotella",NA,"Prevotella sp.","Prevotella sp. ASV23"
"ASV24","Bacteria","Bacillota_C","Negativicutes","Acidaminococcales","Acidaminococcaceae","Acidaminococcus",NA,"Acidaminococcus sp.","Acidaminococcus sp."
"ASV25","Bacteria","Pseudomonadota","Gammaproteobacteria","Burkholderiales","Burkholderiaceae","Sutterella",NA,"Sutterella sp.","Sutterella sp. ASV25"
"ASV26","Bacteria","Bacillota_A","Clostridia","Lachnospirales","Lachnospiraceae","Blautia_A",NA,"Blautia_A sp.","Blautia_A sp. ASV26"
"ASV27","Bacteria","Bacillota_A","Clostridia","Lachnospirales","Lachnospiraceae",NA,NA,"unclassified Lachnospiraceae","unclassified Lachnospiraceae ASV27"
"ASV28","Bacteria","Bacteroidota","Bacteroidia","Bacteroidales","Bacteroidaceae","Prevotella",NA,"Prevotella sp.","Prevotella sp. ASV28"
"ASV29","Bacteria","Bacillota_A","Clostridia","Lachnospirales","Lachnospiraceae","Blautia_A",NA,"Blautia_A sp.","Blautia_A sp. ASV29"
"ASV30","Bacteria","Bacteroidota","Bacteroidia","Bacteroidales","Bacteroidaceae","Prevotella",NA,"Prevotella sp.","Prevotella sp. ASV30"
"ASV31","Bacteria","Bacillota_A","Clostridia","Lachnospirales","Lachnospiraceae","Blautia",NA,"Blautia sp.","Blautia sp. ASV31"
"ASV32","Bacteria","Bacteroidota","Bacteroidia","Bacteroidales","Bacteroidaceae","Prevotella",NA,"Prevotella sp.","Prevotella sp. ASV32"
"ASV33","Bacteria","Bacillota_A","Clostridia","Lachnospirales","Lachnospiraceae",NA,NA,"unclassified Lachnospiraceae","unclassified Lachnospiraceae ASV33"
"ASV34","Bacteria","Bacillota_A","Clostridia","Lachnospirales","Lachnospiraceae","Blautia",NA,"Blautia sp.","Blautia sp. ASV34"
"ASV35","Bacteria","Bacillota_C","Negativicutes","Veillonellales","Dialisteraceae","Allisonella","pneumosinta","Allisonella pneumosinta","Allisonella pneumosinta"
"ASV36","Bacteria","Pseudomonadota","Gammaproteobacteria","Burkholderiales","Burkholderiaceae","Sutterella",NA,"Sutterella sp.","Sutterella sp. ASV36"
"ASV37","Bacteria","Bacillota_A","Clostridia","Lachnospirales","Lachnospiraceae","Blautia","hansenii","Blautia hansenii","Blautia hansenii"
"ASV38","Bacteria","Bacillota_A","Clostridia","Lachnospirales","Lachnospiraceae","Blautia_A",NA,"Blautia_A sp.","Blautia_A sp. ASV38"
"ASV39","Bacteria","Bacillota_A","Clostridia","Lachnospirales","Lachnospiraceae",NA,NA,"unclassified Lachnospiraceae","unclassified Lachnospiraceae ASV39"
"ASV40","Bacteria","Bacillota_A","Clostridia","Lachnospirales","Lachnospiraceae","Anaerostipes","hominis","Anaerostipes hominis","Anaerostipes hominis"
"ASV41","Bacteria","Bacillota_A","Clostridia","Peptostreptococcales","Peptostreptococcaceae","Clostridioides",NA,"Clostridioides sp.","Clostridioides sp. ASV41"
"ASV42","Bacteria","Bacillota_C","Negativicutes","Acidaminococcales","Acidaminococcaceae","Phascolarctobacterium",NA,"Phascolarctobacterium sp.","Phascolarctobacterium sp. ASV42"
"ASV43","Bacteria","Bacillota_C","Negativicutes","Veillonellales","Megasphaeraceae","Anaeroglobus",NA,"Anaeroglobus sp.","Anaeroglobus sp. ASV43"
"ASV44","Bacteria","Bacillota_C","Negativicutes","Acidaminococcales","Acidaminococcaceae","Phascolarctobacterium","faecium","Phascolarctobacterium faecium","Phascolarctobacterium faecium"
"ASV45","Bacteria","Bacillota_A","Clostridia","Lachnospirales","Lachnospiraceae","Anaerostipes",NA,"Anaerostipes sp.","Anaerostipes sp. ASV45"
"ASV46","Bacteria","Bacillota_A","Clostridia","Lachnospirales","Lachnospiraceae","Sellimonas","intestinalis","Sellimonas intestinalis","Sellimonas intestinalis"
"ASV47","Bacteria","Bacillota_A","Clostridia","Lachnospirales","Lachnospiraceae","Anaerostipes",NA,"Anaerostipes sp.","Anaerostipes sp. ASV47"
"ASV48","Bacteria","Bacillota_A","Clostridia","Lachnospirales","Lachnospiraceae","Ruminococcus_B",NA,"Ruminococcus_B sp.","Ruminococcus_B sp. ASV48"
"ASV49","Bacteria","Bacillota_A","Clostridia","Lachnospirales","Lachnospiraceae","Ruminococcus_B",NA,"Ruminococcus_B sp.","Ruminococcus_B sp. ASV49"
"ASV50","Bacteria","Bacillota_A","Clostridia","Lachnospirales","Lachnospiraceae","Blautia_A",NA,"Blautia_A sp.","Blautia_A sp. ASV50"
"ASV51","Bacteria","Bacillota_A","Clostridia","Lachnospirales","Lachnospiraceae","Anaerostipes",NA,"Anaerostipes sp.","Anaerostipes sp. ASV51"
"ASV52","Bacteria","Bacillota_A","Clostridia","Lachnospirales","Lachnospiraceae","Enterocloster",NA,"Enterocloster sp.","Enterocloster sp. ASV52"
"ASV53","Bacteria","Bacillota_A","Clostridia","Lachnospirales","Lachnospiraceae","Blautia_A",NA,"Blautia_A sp.","Blautia_A sp. ASV53"
"ASV54","Bacteria","Bacillota","Bacilli","Lactobacillales","Lactobacillaceae","Lacticaseibacillus",NA,"Lacticaseibacillus sp.","Lacticaseibacillus sp. ASV54"
"ASV55","Bacteria","Bacillota_A","Clostridia","Lachnospirales","Lachnospiraceae","Ruminococcus_B",NA,"Ruminococcus_B sp.","Ruminococcus_B sp. ASV55"
"ASV56","Bacteria","Bacillota_A","Clostridia","Lachnospirales","Lachnospiraceae","Enterocloster",NA,"Enterocloster sp.","Enterocloster sp. ASV56"
"ASV57","Bacteria","Desulfobacterota","Desulfovibrionia","Desulfovibrionales","Desulfovibrionaceae","Bilophila",NA,"Bilophila sp.","Bilophila sp. ASV57"
"ASV58","Bacteria","Bacillota_A","Clostridia","Lachnospirales","Lachnospiraceae","Ruminococcus_B",NA,"Ruminococcus_B sp.","Ruminococcus_B sp. ASV58"
"ASV59","Bacteria","Desulfobacterota","Desulfovibrionia","Desulfovibrionales","Desulfovibrionaceae","Bilophila",NA,"Bilophila sp.","Bilophila sp. ASV59"
"ASV60","Bacteria","Bacillota_A","Clostridia","Lachnospirales","Lachnospiraceae","Mediterraneibacter",NA,"Mediterraneibacter sp.","Mediterraneibacter sp. ASV60"
"ASV61","Bacteria","Bacillota_A","Clostridia","Lachnospirales","Lachnospiraceae","Enterocloster",NA,"Enterocloster sp.","Enterocloster sp. ASV61"
"ASV62","Bacteria","Bacillota_A","Clostridia","Lachnospirales","Lachnospiraceae","Enterocloster",NA,"Enterocloster sp.","Enterocloster sp. ASV62"
"ASV63","Bacteria","Bacillota_A","Clostridia","Lachnospirales","Lachnospiraceae",NA,NA,"unclassified Lachnospiraceae","unclassified Lachnospiraceae ASV63"
"ASV64","Bacteria","Bacillota_A","Clostridia","Lachnospirales","Lachnospiraceae","Ruminococcus_B",NA,"Ruminococcus_B sp.","Ruminococcus_B sp. ASV64"
"ASV65","Bacteria","Desulfobacterota","Desulfovibrionia","Desulfovibrionales","Desulfovibrionaceae","Bilophila",NA,"Bilophila sp.","Bilophila sp. ASV65"
"ASV66","Bacteria","Bacillota_A","Clostridia","Lachnospirales","Lachnospiraceae","Enterocloster",NA,"Enterocloster sp.","Enterocloster sp. ASV66"
"ASV67","Bacteria","Bacillota_A","Clostridia","Lachnospirales","Lachnospiraceae","Fusicatenibacter",NA,"Fusicatenibacter sp.","Fusicatenibacter sp. ASV67"
"ASV68","Bacteria","Pseudomonadota","Gammaproteobacteria","Enterobacterales","Enterobacteriaceae","Klebsiella",NA,"Klebsiella sp.","Klebsiella sp. ASV68"
"ASV69","Bacteria","Bacillota","Bacilli","Lactobacillales","Lactobacillaceae","Limosilactobacillus",NA,"Limosilactobacillus sp.","Limosilactobacillus sp. ASV69"
"ASV70","Bacteria","Bacillota_A","Clostridia","Lachnospirales","Lachnospiraceae","Blautia",NA,"Blautia sp.","Blautia sp. ASV70"
"ASV71","Bacteria","Bacillota_A","Clostridia","Lachnospirales","Lachnospiraceae","Mediterraneibacter",NA,"Mediterraneibacter sp.","Mediterraneibacter sp. ASV71"
"ASV72","Bacteria","Pseudomonadota","Gammaproteobacteria","Enterobacterales","Enterobacteriaceae","Klebsiella",NA,"Klebsiella sp.","Klebsiella sp. ASV72"
"ASV73","Bacteria","Bacillota","Bacilli","Lactobacillales","Lactobacillaceae","Limosilactobacillus",NA,"Limosilactobacillus sp.","Limosilactobacillus sp. ASV73"
"ASV74","Bacteria","Bacillota_C","Negativicutes","Veillonellales","Dialisteraceae","Allisonella",NA,"Allisonella sp.","Allisonella sp. ASV74"
"ASV75","Bacteria","Bacillota_A","Clostridia","Lachnospirales","Lachnospiraceae","Blautia",NA,"Blautia sp.","Blautia sp. ASV75"
"ASV76","Bacteria","Pseudomonadota","Gammaproteobacteria","Enterobacterales","Enterobacteriaceae","Klebsiella",NA,"Klebsiella sp.","Klebsiella sp. ASV76"
"ASV77","Bacteria","Bacillota","Bacilli","Lactobacillales","Lactobacillaceae","Limosilactobacillus",NA,"Limosilactobacillus sp.","Limosilactobacillus sp. ASV77"
"ASV78","Bacteria","Pseudomonadota","Gammaproteobacteria","Enterobacterales","Enterobacteriaceae","Klebsiella",NA,"Klebsiella sp.","Klebsiella sp. ASV78"
"ASV79","Bacteria","Bacillota","Bacilli","Lactobacillales","Lactobacillaceae","Limosilactobacillus",NA,"Limosilactobacillus sp.","Limosilactobacillus sp. ASV79"
"ASV80","Bacteria","Pseudomonadota","Gammaproteobacteria","Enterobacterales","Enterobacteriaceae","Klebsiella",NA,"Klebsiella sp.","Klebsiella sp. ASV80"
"ASV81","Bacteria","Pseudomonadota","Gammaproteobacteria","Enterobacterales","Enterobacteriaceae","Klebsiella",NA,"Klebsiella sp.","Klebsiella sp. ASV81"
"ASV82","Bacteria","Bacillota_A","Clostridia","Lachnospirales","Lachnospiraceae","Extibacter",NA,"Extibacter sp.","Extibacter sp."
"ASV83","Bacteria","Bacillota_C","Negativicutes","Veillonellales","Dialisteraceae","Dialister",NA,"Dialister sp.","Dialister sp."
"ASV84","Bacteria","Pseudomonadota","Gammaproteobacteria","Enterobacterales","Enterobacteriaceae","Klebsiella",NA,"Klebsiella sp.","Klebsiella sp. ASV84"
"ASV85","Bacteria","Pseudomonadota","Gammaproteobacteria","Enterobacterales","Enterobacteriaceae","Klebsiella",NA,"Klebsiella sp.","Klebsiella sp. ASV85"
"ASV86","Bacteria","Bacillota","Bacilli","Lactobacillales","Lactobacillaceae","Limosilactobacillus",NA,"Limosilactobacillus sp.","Limosilactobacillus sp. ASV86"
"ASV87","Bacteria","Bacillota","Bacilli","Lactobacillales","Lactobacillaceae","Lactobacillus","paragasseri","Lactobacillus paragasseri","Lactobacillus paragasseri"
"ASV88","Bacteria","Bacillota_A","Clostridia","Lachnospirales","Lachnospiraceae",NA,NA,"unclassified Lachnospiraceae","unclassified Lachnospiraceae ASV88"
"ASV89","Bacteria","Desulfobacterota","Desulfovibrionia","Desulfovibrionales","Desulfovibrionaceae","Bilophila",NA,"Bilophila sp.","Bilophila sp. ASV89"
"ASV90","Bacteria","Bacillota_A","Clostridia","Lachnospirales","Lachnospiraceae","Blautia",NA,"Blautia sp.","Blautia sp. ASV90"
"ASV91","Bacteria","Bacillota_C","Negativicutes","Veillonellales","Megasphaeraceae","Anaeroglobus",NA,"Anaeroglobus sp.","Anaeroglobus sp. ASV91"
"ASV92","Bacteria","Bacillota_A","Clostridia","Lachnospirales","Lachnospiraceae","Blautia",NA,"Blautia sp.","Blautia sp. ASV92"
"ASV93","Bacteria","Bacillota_I","Bacilli_A","Erysipelotrichales","Coprobacillaceae","Thomasclavelia","ramosa","Thomasclavelia ramosa","Thomasclavelia ramosa"
"ASV94","Bacteria","Bacteroidota","Bacteroidia","Bacteroidales","Rikenellaceae","Alistipes","putredinis","Alistipes putredinis","Alistipes putredinis"
"ASV95","Bacteria","Bacillota_A","Clostridia","Lachnospirales","Lachnospiraceae","Mediterraneibacter",NA,"Mediterraneibacter sp.","Mediterraneibacter sp. ASV95"
"ASV96","Bacteria","Bacteroidota","Bacteroidia","Bacteroidales","Rikenellaceae","Alistipes",NA,"Alistipes sp.","Alistipes sp. ASV96"
"ASV97","Bacteria","Actinomycetota","Coriobacteriia","Coriobacteriales","Coriobacteriaceae","Collinsella","aerofaciens_AB/aerofaciens_AL/aerofaciens_F/aerofaciens_G/aerofaciens_W/sp000763055/sp002232035/sp003436775/sp003439125/sp003458415/sp003465825/sp019414605/sp027663555/sp027687465/sp900541015/sp900543645/sp900550785/sp900762355/sp902363125/sp902364645/sp958412345/sp958445065","Collinsella aerofaciens_AB/aerofaciens_AL/aerofaciens_F/aerofaciens_G/aerofaciens_W/sp000763055/sp002232035/sp003436775/sp003439125/sp003458415/sp003465825/sp019414605/sp027663555/sp027687465/sp900541015/sp900543645/sp900550785/sp900762355/sp902363125/sp902364645/sp958412345/sp958445065","Collinsella aerofaciens_AB/aerofaciens_AL/aerofaciens_F/aerofaciens_G/aerofaciens_W/sp000763055/sp002232035/sp003436775/sp003439125/sp003458415/sp003465825/sp019414605/sp027663555/sp027687465/sp900541015/sp900543645/sp900550785/sp900762355/sp902363125/sp902364645/sp958412345/sp958445065"
"ASV98","Bacteria","Bacillota_A","Clostridia","Lachnospirales","Lachnospiraceae","Fusicatenibacter",NA,"Fusicatenibacter sp.","Fusicatenibacter sp. ASV98"
"ASV99","Bacteria","Bacillota","Bacilli","Lactobacillales","Streptococcaceae","Streptococcus","vestibularis","Streptococcus vestibularis","Streptococcus vestibularis"
"ASV100","Bacteria","Bacillota_A","Clostridia","Christensenellales","Borkfalkiaceae","Borkfalkia",NA,"Borkfalkia sp.","Borkfalkia sp."
"ASV101","Bacteria","Bacillota","Bacilli","Lactobacillales","Streptococcaceae","Streptococcus","salivarius/sp001556435","Streptococcus salivarius/sp001556435","Streptococcus salivarius/sp001556435"
"ASV102","Bacteria","Bacillota","Bacilli","Lactobacillales","Enterococcaceae","Enterococcus_B",NA,"Enterococcus_B sp.","Enterococcus_B sp. ASV102"
"ASV103","Bacteria","Bacteroidota","Bacteroidia","Bacteroidales","Tannerellaceae","Parabacteroides","goldsteinii","Parabacteroides goldsteinii","Parabacteroides goldsteinii"
"ASV104","Bacteria","Bacillota_A","Clostridia","Lachnospirales","Lachnospiraceae",NA,NA,"unclassified Lachnospiraceae","unclassified Lachnospiraceae ASV104"
"ASV105","Bacteria","Bacillota_C","Negativicutes","Veillonellales","Dialisteraceae","Allisonella",NA,"Allisonella sp.","Allisonella sp. ASV105"
"ASV106","Bacteria","Bacteroidota","Bacteroidia","Bacteroidales","Bacteroidaceae","Prevotella",NA,"Prevotella sp.","Prevotella sp. ASV106"
"ASV107","Bacteria","Bacillota_A","Clostridia","Lachnospirales","Lachnospiraceae",NA,NA,"unclassified Lachnospiraceae","unclassified Lachnospiraceae ASV107"
"ASV108","Bacteria","Bacillota","Bacilli","Lactobacillales","Lactobacillaceae","Ligilactobacillus",NA,"Ligilactobacillus sp.","Ligilactobacillus sp. ASV108"
"ASV109","Bacteria","Bacillota","Bacilli","Lactobacillales","Enterococcaceae","Enterococcus_B","sp011038845","Enterococcus_B sp011038845","Enterococcus_B sp011038845"
"ASV110","Bacteria","Bacillota","Bacilli","Lactobacillales","Enterococcaceae","Enterococcus_B",NA,"Enterococcus_B sp.","Enterococcus_B sp. ASV110"
"ASV111","Bacteria","Bacillota_A","Clostridia","Lachnospirales","Lachnospiraceae","Fusicatenibacter",NA,"Fusicatenibacter sp.","Fusicatenibacter sp. ASV111"
"ASV112","Bacteria","Bacillota_A","Clostridia","Lachnospirales","Lachnospiraceae","Blautia",NA,"Blautia sp.","Blautia sp. ASV112"
"ASV113","Bacteria","Bacillota_A","Clostridia","Lachnospirales","Lachnospiraceae","Ruminococcus_B",NA,"Ruminococcus_B sp.","Ruminococcus_B sp. ASV113"
"ASV114","Bacteria","Bacillota_A","Clostridia","Lachnospirales","Lachnospiraceae",NA,NA,"unclassified Lachnospiraceae","unclassified Lachnospiraceae ASV114"
"ASV115","Bacteria","Bacillota_A","Clostridia","Lachnospirales","Lachnospiraceae","Blautia",NA,"Blautia sp.","Blautia sp. ASV115"
"ASV116","Bacteria","Bacillota_I","Bacilli_A","Erysipelotrichales","Erysipelotrichaceae","Clostridium_AQ",NA,"Clostridium_AQ sp.","Clostridium_AQ sp. ASV116"
"ASV117","Bacteria","Bacillota_A","Clostridia","Lachnospirales","Lachnospiraceae",NA,NA,"unclassified Lachnospiraceae","unclassified Lachnospiraceae ASV117"
"ASV118","Bacteria","Bacillota_A","Clostridia","Lachnospirales","Lachnospiraceae","Fusicatenibacter",NA,"Fusicatenibacter sp.","Fusicatenibacter sp. ASV118"
"ASV119","Bacteria","Bacillota_A","Clostridia","Lachnospirales","Lachnospiraceae",NA,NA,"unclassified Lachnospiraceae","unclassified Lachnospiraceae ASV119"
"ASV120","Bacteria","Bacillota_A","Clostridia","Lachnospirales","Lachnospiraceae","Fusicatenibacter",NA,"Fusicatenibacter sp.","Fusicatenibacter sp. ASV120"
"ASV121","Bacteria","Bacillota_A","Clostridia","Lachnospirales","Lachnospiraceae","Ruminococcus_B",NA,"Ruminococcus_B sp.","Ruminococcus_B sp. ASV121"
"ASV122","Bacteria","Bacillota_A","Clostridia","Lachnospirales","Lachnospiraceae","Fusicatenibacter",NA,"Fusicatenibacter sp.","Fusicatenibacter sp. ASV122"
"ASV123","Bacteria","Bacillota_A","Clostridia","Lachnospirales","Lachnospiraceae","Ruminococcus_B",NA,"Ruminococcus_B sp.","Ruminococcus_B sp. ASV123"
"ASV124","Bacteria","Bacillota_A","Clostridia","Lachnospirales","Lachnospiraceae","Bariatricus",NA,"Bariatricus sp.","Bariatricus sp. ASV124"
"ASV125","Bacteria","Bacillota_A","Clostridia","Oscillospirales","Ruminococcaceae","Faecalibacterium",NA,"Faecalibacterium sp.","Faecalibacterium sp. ASV125"
"ASV126","Bacteria","Bacillota_I","Bacilli_A","Erysipelotrichales","Erysipelotrichaceae","Clostridium_AQ",NA,"Clostridium_AQ sp.","Clostridium_AQ sp. ASV126"
"ASV127","Bacteria","Bacillota","Bacilli","Lactobacillales","Lactobacillaceae","Lacticaseibacillus",NA,"Lacticaseibacillus sp.","Lacticaseibacillus sp. ASV127"
"ASV128","Bacteria","Bacillota","Bacilli","Lactobacillales","Streptococcaceae","Streptococcus","mutans","Streptococcus mutans","Streptococcus mutans"
"ASV129","Bacteria","Bacillota_A","Clostridia","Clostridiales","Clostridiaceae","Sarcina",NA,"Sarcina sp.","Sarcina sp. ASV129"
"ASV130","Bacteria","Bacillota_A","Clostridia","Lachnospirales","Lachnospiraceae","Fusicatenibacter",NA,"Fusicatenibacter sp.","Fusicatenibacter sp. ASV130"
"ASV131","Bacteria","Bacillota_A","Clostridia","Lachnospirales","Lachnospiraceae","Petralouisia",NA,"Petralouisia sp.","Petralouisia sp."
"ASV132","Bacteria","Bacillota_A","Clostridia","Lachnospirales","Lachnospiraceae","Fusicatenibacter",NA,"Fusicatenibacter sp.","Fusicatenibacter sp. ASV132"
"ASV133","Bacteria","Pseudomonadota","Gammaproteobacteria","Burkholderiales","Burkholderiaceae",NA,NA,"unclassified Burkholderiaceae","unclassified Burkholderiaceae ASV133"
"ASV134","Bacteria","Bacillota","Bacilli","Lactobacillales","Streptococcaceae","Streptococcus",NA,"Streptococcus sp.","Streptococcus sp. ASV134"
"ASV135","Bacteria","Bacillota_A","Clostridia","Lachnospirales","Lachnospiraceae","Fusicatenibacter",NA,"Fusicatenibacter sp.","Fusicatenibacter sp. ASV135"
"ASV136","Bacteria","Bacillota_A","Clostridia","Lachnospirales","Lachnospiraceae","Sellimonas",NA,"Sellimonas sp.","Sellimonas sp."
"ASV137","Bacteria","Bacillota_A","Clostridia","Lachnospirales","Lachnospiraceae","Agathobacter",NA,"Agathobacter sp.","Agathobacter sp. ASV137"
"ASV138","Bacteria","Bacillota","Bacilli","Lactobacillales","Lactobacillaceae","Lactobacillus",NA,"Lactobacillus sp.","Lactobacillus sp. ASV138"
"ASV139","Bacteria","Bacillota","Bacilli","Lactobacillales","Lactobacillaceae","Lactobacillus","crispatus","Lactobacillus crispatus","Lactobacillus crispatus"
"ASV140","Bacteria","Bacillota","Bacilli","Lactobacillales","Lactobacillaceae","Limosilactobacillus",NA,"Limosilactobacillus sp.","Limosilactobacillus sp. ASV140"
"ASV141","Bacteria","Pseudomonadota","Gammaproteobacteria","Burkholderiales","Burkholderiaceae",NA,NA,"unclassified Burkholderiaceae","unclassified Burkholderiaceae ASV141"
"ASV142","Bacteria","Bacillota_A","Clostridia","Lachnospirales","Lachnospiraceae","Blautia",NA,"Blautia sp.","Blautia sp. ASV142"
"ASV143","Bacteria","Bacillota_I","Bacilli_A","Erysipelotrichales","Erysipelotrichaceae","Clostridium_AQ",NA,"Clostridium_AQ sp.","Clostridium_AQ sp. ASV143"
"ASV144","Bacteria","Bacillota_A","Clostridia","Oscillospirales","Ruminococcaceae","Gemmiger",NA,"Gemmiger sp.","Gemmiger sp."
"ASV145","Bacteria","Bacillota","Bacilli","Lactobacillales","Lactobacillaceae","Ligilactobacillus",NA,"Ligilactobacillus sp.","Ligilactobacillus sp. ASV145"
"ASV146","Bacteria","Bacillota_A","Clostridia","Peptostreptococcales","Peptostreptococcaceae","Clostridioides",NA,"Clostridioides sp.","Clostridioides sp. ASV146"
"ASV147","Bacteria","Bacteroidota","Bacteroidia","Bacteroidales","Tannerellaceae","Parabacteroides",NA,"Parabacteroides sp.","Parabacteroides sp."
"ASV148","Bacteria","Bacillota_A","Clostridia","Lachnospirales","Lachnospiraceae","Ruminococcus_G",NA,"Ruminococcus_G sp.","Ruminococcus_G sp. ASV148"
"ASV149","Bacteria","Bacillota_A","Clostridia","Lachnospirales","Lachnospiraceae",NA,NA,"unclassified Lachnospiraceae","unclassified Lachnospiraceae ASV149"
"ASV150","Bacteria","Bacillota","Bacilli","Lactobacillales","Streptococcaceae","Streptococcus",NA,"Streptococcus sp.","Streptococcus sp. ASV150"
"ASV151","Bacteria","Bacillota_A","Clostridia","Lachnospirales","Lachnospiraceae","Faecalimonas",NA,"Faecalimonas sp.","Faecalimonas sp."
"ASV152","Bacteria","Bacillota_A","Clostridia","Lachnospirales","Lachnospiraceae","Enterocloster","sp001517625","Enterocloster sp001517625","Enterocloster sp001517625"
"ASV153","Bacteria","Bacillota_A","Clostridia","Lachnospirales","Lachnospiraceae","Blautia",NA,"Blautia sp.","Blautia sp. ASV153"
"ASV154","Bacteria","Bacillota_A","Clostridia","Peptostreptococcales","Peptostreptococcaceae","Clostridioides","difficile_F","Clostridioides difficile_F","Clostridioides difficile_F"
"ASV155","Bacteria","Bacillota_A","Clostridia","Peptostreptococcales","Peptostreptococcaceae","Clostridioides",NA,"Clostridioides sp.","Clostridioides sp. ASV155"
"ASV156","Bacteria","Bacillota_I","Bacilli_A","Erysipelotrichales","Coprobacillaceae","Allocoprobacillus",NA,"Allocoprobacillus sp.","Allocoprobacillus sp."
"ASV157","Bacteria","Bacillota_A","Clostridia","Peptostreptococcales","Peptostreptococcaceae","Clostridioides",NA,"Clostridioides sp.","Clostridioides sp. ASV157"
"ASV158","Bacteria","Bacillota_I","Bacilli_A","Erysipelotrichales","Erysipelotrichaceae","Clostridium_AQ",NA,"Clostridium_AQ sp.","Clostridium_AQ sp. ASV158"
"ASV159","Bacteria","Bacillota_A","Clostridia","Oscillospirales","Ruminococcaceae","Faecalibacterium",NA,"Faecalibacterium sp.","Faecalibacterium sp. ASV159"
"ASV160","Bacteria","Bacillota_A","Clostridia","Peptostreptococcales","Peptostreptococcaceae","Clostridioides",NA,"Clostridioides sp.","Clostridioides sp. ASV160"
"ASV161","Bacteria","Bacillota_A","Clostridia","Oscillospirales","Ruminococcaceae","Faecalibacterium",NA,"Faecalibacterium sp.","Faecalibacterium sp. ASV161"
"ASV162","Bacteria","Bacteroidota","Bacteroidia","Bacteroidales","Rikenellaceae","Alistipes",NA,"Alistipes sp.","Alistipes sp. ASV162"
"ASV163","Bacteria","Bacillota_A","Clostridia","Lachnospirales","Lachnospiraceae",NA,NA,"unclassified Lachnospiraceae","unclassified Lachnospiraceae ASV163"
"ASV164","Bacteria","Bacillota","Bacilli","Lactobacillales","Lactobacillaceae","Ligilactobacillus",NA,"Ligilactobacillus sp.","Ligilactobacillus sp. ASV164"
"ASV165","Bacteria","Bacillota","Bacilli","Lactobacillales","Lactobacillaceae","Pediococcus",NA,"Pediococcus sp.","Pediococcus sp."
"ASV166","Bacteria","Bacillota_A","Clostridia","Lachnospirales","Lachnospiraceae","Blautia",NA,"Blautia sp.","Blautia sp. ASV166"
"ASV167","Bacteria","Bacillota_A","Clostridia","Lachnospirales","Lachnospiraceae","Bariatricus",NA,"Bariatricus sp.","Bariatricus sp. ASV167"
"ASV168","Bacteria","Bacillota_A","Clostridia","Lachnospirales","Lachnospiraceae","Enterocloster",NA,"Enterocloster sp.","Enterocloster sp. ASV168"
"ASV169","Bacteria","Bacillota_A","Clostridia","Lachnospirales","Lachnospiraceae","Blautia",NA,"Blautia sp.","Blautia sp. ASV169"
"ASV170","Bacteria","Bacillota_A","Clostridia","Lachnospirales","Lachnospiraceae","Blautia",NA,"Blautia sp.","Blautia sp. ASV170"
"ASV171","Bacteria","Bacillota_I","Bacilli_A","Erysipelotrichales","Erysipelotrichaceae","Clostridium_AQ",NA,"Clostridium_AQ sp.","Clostridium_AQ sp. ASV171"
"ASV172","Bacteria","Bacillota_A","Clostridia","Lachnospirales","Lachnospiraceae","Blautia",NA,"Blautia sp.","Blautia sp. ASV172"
"ASV173","Bacteria","Pseudomonadota","Gammaproteobacteria","Enterobacterales","Enterobacteriaceae","Proteus",NA,"Proteus sp.","Proteus sp."
"ASV174","Bacteria","Bacillota_A","Clostridia","Lachnospirales","Lachnospiraceae","Blautia",NA,"Blautia sp.","Blautia sp. ASV174"
"ASV175","Bacteria","Actinomycetota","Actinomycetes","Actinomycetales","Bifidobacteriaceae","Bifidobacterium",NA,"Bifidobacterium sp.","Bifidobacterium sp. ASV175"
"ASV176","Bacteria","Bacillota_A","Clostridia","Lachnospirales","Lachnospiraceae","Lachnoclostridium_B",NA,"Lachnoclostridium_B sp.","Lachnoclostridium_B sp."
"ASV177","Bacteria","Bacillota_A","Clostridia","Lachnospirales","Lachnospiraceae","Muricomes","fissicatena_A","Muricomes fissicatena_A","Muricomes fissicatena_A"
"ASV178","Bacteria","Bacillota_A","Clostridia","Lachnospirales","Lachnospiraceae","Blautia",NA,"Blautia sp.","Blautia sp. ASV178"
"ASV179","Bacteria","Bacillota_A","Clostridia","Lachnospirales","Lachnospiraceae","Blautia",NA,"Blautia sp.","Blautia sp. ASV179"
"ASV180","Bacteria","Bacteroidota","Bacteroidia","Bacteroidales","Bacteroidaceae","Bacteroides",NA,"Bacteroides sp.","Bacteroides sp. ASV180"
"ASV181","Bacteria","Bacillota_A","Clostridia","Lachnospirales","Lachnospiraceae","Anaerobutyricum",NA,"Anaerobutyricum sp.","Anaerobutyricum sp. ASV181"
"ASV182","Bacteria","Bacillota_A","Clostridia","Lachnospirales","Lachnospiraceae","Bariatricus",NA,"Bariatricus sp.","Bariatricus sp. ASV182"
"ASV183","Bacteria","Bacillota_A","Clostridia","Oscillospirales","Ruminococcaceae",NA,NA,"unclassified Ruminococcaceae","unclassified Ruminococcaceae"
"ASV184","Bacteria","Bacillota_A","Clostridia","Oscillospirales","Acutalibacteraceae","Clostridium_A",NA,"Clostridium_A sp.","Clostridium_A sp. ASV184"
"ASV185","Bacteria","Bacillota","Bacilli","Lactobacillales","Lactobacillaceae","Limosilactobacillus",NA,"Limosilactobacillus sp.","Limosilactobacillus sp. ASV185"
"ASV186","Bacteria","Bacillota_A","Clostridia","Lachnospirales","Lachnospiraceae",NA,NA,"unclassified Lachnospiraceae","unclassified Lachnospiraceae ASV186"
"ASV187","Bacteria","Bacillota_A","Clostridia","Lachnospirales","Anaerotignaceae","Anaerotignum",NA,"Anaerotignum sp.","Anaerotignum sp. ASV187"
"ASV188","Bacteria","Bacillota_A","Clostridia","Lachnospirales","Lachnospiraceae","Blautia_A",NA,"Blautia_A sp.","Blautia_A sp. ASV188"
"ASV189","Bacteria","Bacillota_A","Clostridia","Lachnospirales","Lachnospiraceae","Anaerobutyricum",NA,"Anaerobutyricum sp.","Anaerobutyricum sp. ASV189"
"ASV190","Bacteria","Bacteroidota","Bacteroidia","Bacteroidales","Bacteroidaceae","Bacteroides",NA,"Bacteroides sp.","Bacteroides sp. ASV190"
"ASV191","Bacteria","Bacillota_A","Clostridia","Lachnospirales","Lachnospiraceae","Mediterraneibacter",NA,"Mediterraneibacter sp.","Mediterraneibacter sp. ASV191"
"ASV192","Bacteria","Bacillota_A","Clostridia","Lachnospirales","Lachnospiraceae","Blautia",NA,"Blautia sp.","Blautia sp. ASV192"
"ASV193","Bacteria","Actinomycetota","Actinomycetes","Actinomycetales","Bifidobacteriaceae","Bifidobacterium",NA,"Bifidobacterium sp.","Bifidobacterium sp. ASV193"
"ASV194","Bacteria","Bacillota_A","Clostridia","Lachnospirales","Lachnospiraceae","Blautia_A",NA,"Blautia_A sp.","Blautia_A sp. ASV194"
"ASV195","Bacteria","Bacillota_A","Clostridia","Lachnospirales","Lachnospiraceae","Dorea_A",NA,"Dorea_A sp.","Dorea_A sp."
"ASV196","Bacteria","Pseudomonadota","Gammaproteobacteria","Burkholderiales","Burkholderiaceae",NA,NA,"unclassified Burkholderiaceae","unclassified Burkholderiaceae ASV196"
"ASV197","Bacteria","Bacillota_A","Clostridia","Lachnospirales","Lachnospiraceae","Alitiscatomonas",NA,"Alitiscatomonas sp.","Alitiscatomonas sp."
"ASV198","Bacteria","Bacillota","Bacilli","Lactobacillales","Lactobacillaceae","Ligilactobacillus",NA,"Ligilactobacillus sp.","Ligilactobacillus sp. ASV198"
"ASV199","Bacteria","Bacillota_A","Clostridia","Lachnospirales","Lachnospiraceae","Enterocloster",NA,"Enterocloster sp.","Enterocloster sp. ASV199"
"ASV200","Bacteria","Bacteroidota","Bacteroidia","Bacteroidales","Bacteroidaceae","Bacteroides",NA,"Bacteroides sp.","Bacteroides sp. ASV200"
"ASV201","Bacteria","Bacillota_A","Clostridia","Lachnospirales","Lachnospiraceae","Anaerostipes",NA,"Anaerostipes sp.","Anaerostipes sp. ASV201"
"ASV202","Bacteria","Bacillota_A","Clostridia","Lachnospirales","Lachnospiraceae","Blautia_A",NA,"Blautia_A sp.","Blautia_A sp. ASV202"
"ASV203","Bacteria","Bacillota_A","Clostridia","Lachnospirales","Lachnospiraceae","Bariatricus",NA,"Bariatricus sp.","Bariatricus sp. ASV203"
"ASV204","Bacteria","Bacillota_A","Clostridia","Lachnospirales","Lachnospiraceae","Agathobacter",NA,"Agathobacter sp.","Agathobacter sp. ASV204"
"ASV205","Bacteria","Bacillota_A","Clostridia","Oscillospirales","Ruminococcaceae","Ruthenibacterium",NA,"Ruthenibacterium sp.","Ruthenibacterium sp."
"ASV206","Bacteria","Bacillota","Bacilli","Lactobacillales","Streptococcaceae","Streptococcus",NA,"Streptococcus sp.","Streptococcus sp. ASV206"
"ASV207","Bacteria","Bacillota_A","Clostridia","Lachnospirales","Lachnospiraceae","Hungatella",NA,"Hungatella sp.","Hungatella sp."
"ASV208","Bacteria","Bacillota","Bacilli","Lactobacillales","Lactobacillaceae","Limosilactobacillus",NA,"Limosilactobacillus sp.","Limosilactobacillus sp. ASV208"
"ASV209","Bacteria","Bacillota","Bacilli","Lactobacillales","Lactobacillaceae","Lactobacillus",NA,"Lactobacillus sp.","Lactobacillus sp. ASV209"
"ASV210","Bacteria","Bacillota_A","Clostridia","Lachnospirales","Lachnospiraceae","Blautia_A",NA,"Blautia_A sp.","Blautia_A sp. ASV210"
"ASV211","Bacteria","Bacillota_A","Clostridia","Lachnospirales","Lachnospiraceae","Blautia_A",NA,"Blautia_A sp.","Blautia_A sp. ASV211"
"ASV212","Bacteria","Bacillota_A","Clostridia","Lachnospirales","Lachnospiraceae","Blautia_A",NA,"Blautia_A sp.","Blautia_A sp. ASV212"
"ASV213","Bacteria","Bacillota","Bacilli","Lactobacillales","Lactobacillaceae","Limosilactobacillus",NA,"Limosilactobacillus sp.","Limosilactobacillus sp. ASV213"
"ASV214","Bacteria","Bacillota_A","Clostridia","Lachnospirales","Lachnospiraceae","Fimimorpha",NA,"Fimimorpha sp.","Fimimorpha sp."
"ASV215","Bacteria","Bacillota_A","Clostridia","Lachnospirales","Lachnospiraceae","Ruminococcus_G",NA,"Ruminococcus_G sp.","Ruminococcus_G sp. ASV215"
"ASV216","Bacteria","Pseudomonadota","Gammaproteobacteria","Enterobacterales","Enterobacteriaceae","Enterobacter",NA,"Enterobacter sp.","Enterobacter sp."
"ASV217","Bacteria","Pseudomonadota","Gammaproteobacteria","Enterobacterales","Enterobacteriaceae","Citrobacter_A",NA,"Citrobacter_A sp.","Citrobacter_A sp."
"ASV218","Bacteria","Bacillota_A","Clostridia","Monoglobales","Monoglobaceae","Monoglobus",NA,"Monoglobus sp.","Monoglobus sp."
"ASV219","Bacteria","Bacillota_A","Clostridia","Lachnospirales","Lachnospiraceae","Mediterraneibacter",NA,"Mediterraneibacter sp.","Mediterraneibacter sp. ASV219"
"ASV220","Bacteria","Bacillota_A","Clostridia","Lachnospirales","Lachnospiraceae","Blautia_A",NA,"Blautia_A sp.","Blautia_A sp. ASV220"
"ASV221","Bacteria","Bacillota_A","Clostridia","Oscillospirales","Oscillospiraceae","Flavonifractor",NA,"Flavonifractor sp.","Flavonifractor sp."
"ASV222","Bacteria","Bacillota_A","Clostridia","Lachnospirales","Lachnospiraceae",NA,NA,"unclassified Lachnospiraceae","unclassified Lachnospiraceae ASV222"
"ASV223","Bacteria","Bacillota_A","Clostridia","Lachnospirales","Anaerotignaceae","Anaerotignum",NA,"Anaerotignum sp.","Anaerotignum sp. ASV223"
"ASV224","Bacteria","Pseudomonadota","Gammaproteobacteria","Enterobacterales","Enterobacteriaceae","Morganella",NA,"Morganella sp.","Morganella sp."
"ASV225","Bacteria","Pseudomonadota","Gammaproteobacteria","Enterobacterales","Enterobacteriaceae","Klebsiella",NA,"Klebsiella sp.","Klebsiella sp. ASV225"
"ASV226","Bacteria","Bacillota_A","Clostridia","Lachnospirales","Lachnospiraceae","Blautia_A",NA,"Blautia_A sp.","Blautia_A sp. ASV226"
"ASV227","Bacteria","Bacillota_A","Clostridia","Oscillospirales","Acutalibacteraceae","Clostridium_A",NA,"Clostridium_A sp.","Clostridium_A sp. ASV227"
"ASV228","Bacteria","Bacillota","Bacilli","Lactobacillales","Lactobacillaceae","Limosilactobacillus",NA,"Limosilactobacillus sp.","Limosilactobacillus sp. ASV228"
"ASV229","Bacteria","Bacillota_A","Clostridia","Clostridiales","Clostridiaceae","Sarcina",NA,"Sarcina sp.","Sarcina sp. ASV229"
"ASV230","Bacteria","Bacillota","Bacilli","Lactobacillales","Lactobacillaceae","Limosilactobacillus","oris","Limosilactobacillus oris","Limosilactobacillus oris"
"ASV231","Bacteria","Bacillota","Bacilli","Lactobacillales","Enterococcaceae","Enterococcus_B",NA,"Enterococcus_B sp.","Enterococcus_B sp. ASV231"
"ASV232","Bacteria","Bacillota_I","Bacilli_A","Erysipelotrichales","Coprobacillaceae","Coprobacillus","cateniformis","Coprobacillus cateniformis","Coprobacillus cateniformis"
"ASV233","Bacteria","Bacillota_A","Clostridia","Lachnospirales","Lachnospiraceae","Mediterraneibacter",NA,"Mediterraneibacter sp.","Mediterraneibacter sp. ASV233"
"ASV234","Bacteria","Bacillota_I","Bacilli_A","Erysipelotrichales","Erysipelotrichaceae","Amedibacillus",NA,"Amedibacillus sp.","Amedibacillus sp."
"ASV235","Bacteria","Bacillota_A","Clostridia","Oscillospirales","Acutalibacteraceae",NA,NA,"unclassified Acutalibacteraceae","unclassified Acutalibacteraceae"
"ASV236","Bacteria","Bacillota_C","Negativicutes","Veillonellales","Veillonellaceae","Veillonella",NA,"Veillonella sp.","Veillonella sp."
"ASV237","Bacteria","Fusobacteriota","Fusobacteriia","Fusobacteriales","Fusobacteriaceae","Fusobacterium",NA,"Fusobacterium sp.","Fusobacterium sp."
"ASV238","Bacteria","Bacillota","Bacilli","Lactobacillales","Streptococcaceae","Streptococcus",NA,"Streptococcus sp.","Streptococcus sp. ASV238"
